,precision,recall,f1-score,support
UW2,0.0,0.0,0.0,0.0
SH,0.0,0.0,0.0,0.0
IH1,0.0,0.0,0.0,0.0
accuracy,0.8681946675886193,0.8681946675886193,0.8681946675886193,0.8681946675886193
ER0,1.0,0.24,0.3870967741935484,25.0
