,precision,recall,f1-score,support
OW2,0.0,0.0,0.0,0.0
IH1,0.0,0.0,0.0,0.0
UW2,0.0,0.0,0.0,0.0
SH,0.0,0.0,0.0,0.0
accuracy,0.8816252322042607,0.8816252322042607,0.8816252322042607,0.8816252322042607
