,precision,recall,f1-score,support
UW2,0.0,0.0,0.0,0.0
OW2,0.0,0.0,0.0,0.0
IH1,0.0,0.0,0.0,0.0
accuracy,0.8857245889496409,0.8857245889496409,0.8857245889496409,0.8857245889496409
ER0,1.0,0.6785714285714286,0.8085106382978723,28.0
